-- phpMyAdmin SQL Dump
-- version 5.2.1
-- https://www.phpmyadmin.net/
--
-- Host: 127.0.0.1
-- Generation Time: Apr 26, 2025 at 01:51 PM
-- Server version: 10.4.32-MariaDB
-- PHP Version: 8.2.12

SET SQL_MODE = "NO_AUTO_VALUE_ON_ZERO";
START TRANSACTION;
SET time_zone = "+00:00";


/*!40101 SET @OLD_CHARACTER_SET_CLIENT=@@CHARACTER_SET_CLIENT */;
/*!40101 SET @OLD_CHARACTER_SET_RESULTS=@@CHARACTER_SET_RESULTS */;
/*!40101 SET @OLD_COLLATION_CONNECTION=@@COLLATION_CONNECTION */;
/*!40101 SET NAMES utf8mb4 */;

--
-- Database: `shopping`
--

-- --------------------------------------------------------

--
-- Table structure for table `admin`
--

CREATE TABLE `admin` (
  `id` int(11) NOT NULL,
  `username` varchar(255) NOT NULL,
  `password` varchar(255) NOT NULL,
  `creationDate` timestamp NOT NULL DEFAULT current_timestamp(),
  `updationDate` varchar(255) NOT NULL
) ENGINE=InnoDB DEFAULT CHARSET=latin1 COLLATE=latin1_swedish_ci;

--
-- Dumping data for table `admin`
--

INSERT INTO `admin` (`id`, `username`, `password`, `creationDate`, `updationDate`) VALUES
(1, 'soumya', 'soumya', '2017-01-24 16:21:18', '25-01-2017 12:05:43 AM');

-- --------------------------------------------------------

--
-- Table structure for table `category`
--

CREATE TABLE `category` (
  `id` int(11) NOT NULL,
  `categoryName` varchar(255) NOT NULL,
  `categoryDescription` longtext NOT NULL,
  `creationDate` timestamp NOT NULL DEFAULT current_timestamp(),
  `updationDate` varchar(255) NOT NULL
) ENGINE=InnoDB DEFAULT CHARSET=latin1 COLLATE=latin1_swedish_ci;

--
-- Dumping data for table `category`
--

INSERT INTO `category` (`id`, `categoryName`, `categoryDescription`, `creationDate`, `updationDate`) VALUES
(7, 'Fresh', '', '2025-04-19 16:24:29', ''),
(8, 'Vegetables', '', '2025-04-19 16:24:32', '21-04-2025 09:09:40 AM'),
(9, 'Fruits', '', '2025-04-19 16:24:36', ''),
(10, 'Exotic', 'Microgreens', '2025-04-21 03:42:29', '21-04-2025 09:16:30 AM'),
(11, 'Dry Fruits', '(Nuts & Seeds) (Botanically fruits, used as dry fruits)', '2025-04-21 03:45:47', ''),
(12, 'Organic Grains & Pulses', '', '2025-04-21 03:52:06', ''),
(13, 'Sprouted', '', '2025-04-21 04:00:26', '');

-- --------------------------------------------------------

--
-- Table structure for table `contactus`
--

CREATE TABLE `contactus` (
  `id` int(11) NOT NULL,
  `name` varchar(100) NOT NULL,
  `email` varchar(100) NOT NULL,
  `subject` varchar(255) NOT NULL,
  `message` text NOT NULL,
  `created_at` timestamp NOT NULL DEFAULT current_timestamp(),
  `date` datetime DEFAULT current_timestamp()
) ENGINE=InnoDB DEFAULT CHARSET=utf8mb4 COLLATE=utf8mb4_general_ci;

-- --------------------------------------------------------

--
-- Table structure for table `orders`
--

CREATE TABLE `orders` (
  `id` int(11) NOT NULL,
  `userId` int(11) NOT NULL,
  `productId` varchar(255) NOT NULL,
  `quantity` int(11) NOT NULL,
  `orderDate` timestamp NOT NULL DEFAULT current_timestamp(),
  `paymentMethod` varchar(50) DEFAULT NULL,
  `orderStatus` varchar(55) DEFAULT NULL
) ENGINE=InnoDB DEFAULT CHARSET=latin1 COLLATE=latin1_swedish_ci;

--
-- Dumping data for table `orders`
--

INSERT INTO `orders` (`id`, `userId`, `productId`, `quantity`, `orderDate`, `paymentMethod`, `orderStatus`) VALUES
(1, 1, '3', 1, '2017-03-07 19:32:57', 'COD', NULL),
(3, 1, '4', 1, '2017-03-10 19:43:04', 'Debit / Credit card', 'Delivered'),
(4, 1, '17', 1, '2017-03-08 16:14:17', 'COD', 'in Process'),
(5, 1, '3', 1, '2017-03-08 19:21:38', 'COD', NULL),
(6, 1, '4', 1, '2017-03-08 19:21:38', 'COD', NULL),
(7, 3, '21', 1, '2025-04-20 10:10:20', 'COD', NULL),
(8, 3, '24', 1, '2025-04-21 07:18:46', 'Debit / Credit card', 'Delivered');

-- --------------------------------------------------------

--
-- Table structure for table `ordertrackhistory`
--

CREATE TABLE `ordertrackhistory` (
  `id` int(11) NOT NULL,
  `orderId` int(11) NOT NULL,
  `status` varchar(255) NOT NULL,
  `remark` mediumtext NOT NULL,
  `postingDate` timestamp NOT NULL DEFAULT current_timestamp()
) ENGINE=InnoDB DEFAULT CHARSET=latin1 COLLATE=latin1_swedish_ci;

--
-- Dumping data for table `ordertrackhistory`
--

INSERT INTO `ordertrackhistory` (`id`, `orderId`, `status`, `remark`, `postingDate`) VALUES
(1, 3, 'in Process', 'Order has been Shipped.', '2017-03-10 19:36:45'),
(2, 1, 'Delivered', 'Order Has been delivered', '2017-03-10 19:37:31'),
(3, 3, 'Delivered', 'Product delivered successfully', '2017-03-10 19:43:04'),
(4, 4, 'in Process', 'Product ready for Shipping', '2017-03-10 19:50:36'),
(5, 8, 'in Process', 'Process', '2025-04-21 07:19:26'),
(6, 8, 'Delivered', 'Done', '2025-04-21 07:20:52');

-- --------------------------------------------------------

--
-- Table structure for table `productreviews`
--

CREATE TABLE `productreviews` (
  `id` int(11) NOT NULL,
  `productId` int(11) NOT NULL,
  `quality` int(11) NOT NULL,
  `price` int(11) NOT NULL,
  `value` int(11) NOT NULL,
  `name` varchar(255) NOT NULL,
  `summary` varchar(255) NOT NULL,
  `review` longtext NOT NULL,
  `reviewDate` timestamp NOT NULL DEFAULT current_timestamp()
) ENGINE=InnoDB DEFAULT CHARSET=latin1 COLLATE=latin1_swedish_ci;

--
-- Dumping data for table `productreviews`
--

INSERT INTO `productreviews` (`id`, `productId`, `quality`, `price`, `value`, `name`, `summary`, `review`, `reviewDate`) VALUES
(2, 3, 4, 5, 5, 'Anuj Kumar', 'BEST PRODUCT FOR ME :)', 'BEST PRODUCT FOR ME :)', '2017-02-26 20:43:57'),
(3, 3, 3, 4, 3, 'Sarita pandey', 'Nice Product', 'Value for money', '2017-02-26 20:52:46'),
(4, 3, 3, 4, 3, 'Sarita pandey', 'Nice Product', 'Value for money', '2017-02-26 20:59:19');

-- --------------------------------------------------------

--
-- Table structure for table `products`
--

CREATE TABLE `products` (
  `id` int(11) NOT NULL,
  `category` int(11) NOT NULL,
  `subCategory` int(11) NOT NULL,
  `productName` varchar(255) NOT NULL,
  `productCompany` varchar(255) NOT NULL,
  `productPrice` int(11) NOT NULL,
  `productPriceBeforeDiscount` int(11) NOT NULL,
  `productDescription` longtext NOT NULL,
  `productImage1` varchar(255) NOT NULL,
  `productImage2` varchar(255) NOT NULL,
  `productImage3` varchar(255) NOT NULL,
  `shippingCharge` int(11) NOT NULL,
  `productAvailability` varchar(255) NOT NULL,
  `postingDate` timestamp NOT NULL DEFAULT current_timestamp(),
  `updationDate` varchar(255) NOT NULL
) ENGINE=InnoDB DEFAULT CHARSET=latin1 COLLATE=latin1_swedish_ci;

--
-- Dumping data for table `products`
--

INSERT INTO `products` (`id`, `category`, `subCategory`, `productName`, `productCompany`, `productPrice`, `productPriceBeforeDiscount`, `productDescription`, `productImage1`, `productImage2`, `productImage3`, `shippingCharge`, `productAvailability`, `postingDate`, `updationDate`) VALUES
(23, 8, 16, 'Tomato (1kg)', 'Vegetable', 50, 65, 'Tomatoes are juicy, red fruits often used as vegetables in cooking. They are rich in lycopene, an antioxidant known for heart health and cancer prevention. Commonly used in salads, gravies, sauces, and soups, tomatoes enhance flavor and nutritional value. They are low in calories and high in water content, ideal for hydration.', 'Tomato(2).jpg', 'Tomato.jpg', 'Tomato(1).jpg', 0, 'In Stock', '2025-04-21 05:39:28', ''),
(24, 9, 26, 'Apple (1kg)', 'Applefuzi', 200, 250, 'Apples are sweet and crunchy fruits that come in red, green, and yellow varieties. Known for their rich antioxidant content and high dietary fiber, apples help lower cholesterol, support heart health, and improve digestion. Eaten raw, in juices, pies, and salads, they are one of the most widely consumed fruits worldwide.', 'AppleFuji.jpg', 'AppleFuji(2).jpg', 'AppleFuji(1).jpg', 0, 'In Stock', '2025-04-21 06:13:36', ''),
(25, 9, 24, 'Banana (1kg)', 'Banana', 50, 65, '<p data-start=\"721\" data-end=\"1018\" class=\"\">Bananas are soft, creamy-textured fruits packed with potassium, vitamin B6, and natural sugars. Ideal for quick energy, they aid digestion and promote heart and muscle health. Bananas are versatile—used in shakes, desserts, and baby food—and are easy to carry and eat on the go.</p>', 'Banana.jpg', 'Banana(1).jpg', 'Banana(2).jpg', 0, 'In Stock', '2025-04-21 06:20:11', ''),
(26, 9, 24, 'Pomegranate (1kg)', 'Foody Oranic Fresh', 240, 300, '<br>', 'Pomegranet Small.jpg', 'Pomegranet Small 2.jpg', 'Pomegranet Small3.jpg', 0, 'In Stock', '2025-04-26 03:05:59', '');

-- --------------------------------------------------------

--
-- Table structure for table `subcategory`
--

CREATE TABLE `subcategory` (
  `id` int(11) NOT NULL,
  `categoryid` int(11) NOT NULL,
  `subcategory` varchar(255) NOT NULL,
  `creationDate` timestamp NOT NULL DEFAULT current_timestamp(),
  `updationDate` varchar(255) NOT NULL
) ENGINE=InnoDB DEFAULT CHARSET=latin1 COLLATE=latin1_swedish_ci;

--
-- Dumping data for table `subcategory`
--

INSERT INTO `subcategory` (`id`, `categoryid`, `subcategory`, `creationDate`, `updationDate`) VALUES
(2, 4, 'Led Television', '2017-01-26 16:24:52', '26-01-2017 11:03:40 PM'),
(3, 4, 'Television', '2017-01-26 16:29:09', ''),
(4, 4, 'Mobiles', '2017-01-30 16:55:48', ''),
(5, 4, 'Mobile Accessories', '2017-02-04 04:12:40', ''),
(6, 4, 'Laptops', '2017-02-04 04:13:00', ''),
(7, 4, 'Computers', '2017-02-04 04:13:27', ''),
(8, 3, 'Comics', '2017-02-04 04:13:54', ''),
(9, 5, 'Beds', '2017-02-04 04:36:45', ''),
(10, 5, 'Sofas', '2017-02-04 04:37:02', ''),
(11, 5, 'Dining Tables', '2017-02-04 04:37:51', ''),
(12, 6, 'Men Footwears', '2017-03-10 20:12:59', ''),
(14, 8, 'Leafy Vegetables', '2025-04-21 03:38:58', ''),
(15, 8, 'Root Vegetables', '2025-04-21 03:40:04', ''),
(16, 8, 'Fruiting Vegetables', '2025-04-21 03:40:22', ''),
(17, 8, 'Pod Vegetables', '2025-04-21 03:40:39', ''),
(18, 8, 'Bulb Vegetables', '2025-04-21 03:41:23', ''),
(19, 8, 'Stem Vegetables', '2025-04-21 03:41:42', ''),
(20, 8, 'Tuber Vegetables', '2025-04-21 03:42:01', ''),
(21, 9, 'Citrus Fruits', '2025-04-21 03:43:27', ''),
(22, 9, 'Berries', '2025-04-21 03:43:43', ''),
(23, 9, 'Stone Fruits', '2025-04-21 03:44:00', ''),
(24, 9, 'Tropical Fruits', '2025-04-21 03:44:25', ''),
(25, 9, 'Melons', '2025-04-21 03:44:45', ''),
(26, 9, 'Pome Fruits', '2025-04-21 03:45:05', ''),
(27, 10, 'Exotic Fruits', '2025-04-21 03:46:50', ''),
(28, 10, 'Exotic Vegetables', '2025-04-21 03:47:20', ''),
(29, 11, 'Nuts & Seeds', '2025-04-21 03:48:31', ''),
(30, 11, 'Botanically fruits, used as dry fruits', '2025-04-21 03:49:01', ''),
(31, 7, 'Fresh Fruits', '2025-04-21 03:50:06', '21-04-2025 09:20:42 AM'),
(32, 7, 'Fresh Vegetables', '2025-04-21 03:50:22', ''),
(33, 7, 'Fresh Herbs & Spices', '2025-04-21 03:51:19', ''),
(34, 12, 'Organic Wheat', '2025-04-21 03:59:00', ''),
(35, 12, 'Organic Rice', '2025-04-21 03:59:13', ''),
(36, 13, 'Sprouted Pulses', '2025-04-21 04:00:46', ''),
(37, 13, 'Sprouted Grains', '2025-04-21 04:01:28', ''),
(38, 13, 'Sprouted Nuts', '2025-04-21 04:02:12', '');

-- --------------------------------------------------------

--
-- Table structure for table `userlog`
--

CREATE TABLE `userlog` (
  `id` int(11) NOT NULL,
  `userEmail` varchar(255) NOT NULL,
  `userip` binary(16) NOT NULL,
  `loginTime` timestamp NOT NULL DEFAULT current_timestamp(),
  `logout` varchar(255) NOT NULL,
  `status` int(11) NOT NULL
) ENGINE=InnoDB DEFAULT CHARSET=latin1 COLLATE=latin1_swedish_ci;

--
-- Dumping data for table `userlog`
--

INSERT INTO `userlog` (`id`, `userEmail`, `userip`, `loginTime`, `logout`, `status`) VALUES
(1, 'anuj.lpu1@gmail.com', 0x3a3a3100000000000000000000000000, '2017-02-26 11:18:50', '', 1),
(2, 'anuj.lpu1@gmail.com', 0x3a3a3100000000000000000000000000, '2017-02-26 11:29:33', '', 1),
(3, 'anuj.lpu1@gmail.com', 0x3a3a3100000000000000000000000000, '2017-02-26 11:30:11', '', 1),
(4, 'anuj.lpu1@gmail.com', 0x3a3a3100000000000000000000000000, '2017-02-26 15:00:23', '26-02-2017 11:12:06 PM', 1),
(5, 'anuj.lpu1@gmail.com', 0x3a3a3100000000000000000000000000, '2017-02-26 18:08:58', '', 0),
(6, 'anuj.lpu1@gmail.com', 0x3a3a3100000000000000000000000000, '2017-02-26 18:09:41', '', 0),
(7, 'anuj.lpu1@gmail.com', 0x3a3a3100000000000000000000000000, '2017-02-26 18:10:04', '', 0),
(8, 'anuj.lpu1@gmail.com', 0x3a3a3100000000000000000000000000, '2017-02-26 18:10:31', '', 0),
(9, 'anuj.lpu1@gmail.com', 0x3a3a3100000000000000000000000000, '2017-02-26 18:13:43', '', 1),
(10, 'anuj.lpu1@gmail.com', 0x3a3a3100000000000000000000000000, '2017-02-27 18:52:58', '', 0),
(11, 'anuj.lpu1@gmail.com', 0x3a3a3100000000000000000000000000, '2017-02-27 18:53:07', '', 1),
(12, 'anuj.lpu1@gmail.com', 0x3a3a3100000000000000000000000000, '2017-03-03 18:00:09', '', 0),
(13, 'anuj.lpu1@gmail.com', 0x3a3a3100000000000000000000000000, '2017-03-03 18:00:15', '', 1),
(14, 'anuj.lpu1@gmail.com', 0x3a3a3100000000000000000000000000, '2017-03-06 18:10:26', '', 1),
(15, 'anuj.lpu1@gmail.com', 0x3a3a3100000000000000000000000000, '2017-03-07 12:28:16', '', 1),
(16, 'anuj.lpu1@gmail.com', 0x3a3a3100000000000000000000000000, '2017-03-07 18:43:27', '', 1),
(17, 'anuj.lpu1@gmail.com', 0x3a3a3100000000000000000000000000, '2017-03-07 18:55:33', '', 1),
(18, 'anuj.lpu1@gmail.com', 0x3a3a3100000000000000000000000000, '2017-03-07 19:44:29', '', 1),
(19, 'anuj.lpu1@gmail.com', 0x3a3a3100000000000000000000000000, '2017-03-08 19:21:15', '', 1),
(20, 'anuj.lpu1@gmail.com', 0x3a3a3100000000000000000000000000, '2017-03-15 17:19:38', '', 1),
(21, 'anuj.lpu1@gmail.com', 0x3a3a3100000000000000000000000000, '2017-03-15 17:20:36', '15-03-2017 10:50:39 PM', 1),
(22, 'anuj.lpu1@gmail.com', 0x3a3a3100000000000000000000000000, '2017-03-16 01:13:57', '', 1),
(23, 'soumya@gmail.com', 0x3a3a3100000000000000000000000000, '2025-04-20 10:09:19', '', 1),
(24, 'rajibdastopper@gmail.com', 0x3a3a3100000000000000000000000000, '2025-04-21 07:17:32', '', 0),
(25, 'soumya@gmail.com', 0x3a3a3100000000000000000000000000, '2025-04-21 07:18:20', '', 1);

-- --------------------------------------------------------

--
-- Table structure for table `users`
--

CREATE TABLE `users` (
  `id` int(11) NOT NULL,
  `name` varchar(255) NOT NULL,
  `email` varchar(255) NOT NULL,
  `contactno` bigint(11) NOT NULL,
  `password` varchar(255) NOT NULL,
  `shippingAddress` longtext NOT NULL,
  `shippingState` varchar(255) NOT NULL,
  `shippingCity` varchar(255) NOT NULL,
  `shippingPincode` int(11) NOT NULL,
  `billingAddress` longtext NOT NULL,
  `billingState` varchar(255) NOT NULL,
  `billingCity` varchar(255) NOT NULL,
  `billingPincode` int(11) NOT NULL,
  `regDate` timestamp NOT NULL DEFAULT current_timestamp(),
  `updationDate` varchar(255) NOT NULL
) ENGINE=InnoDB DEFAULT CHARSET=latin1 COLLATE=latin1_swedish_ci;

--
-- Dumping data for table `users`
--

INSERT INTO `users` (`id`, `name`, `email`, `contactno`, `password`, `shippingAddress`, `shippingState`, `shippingCity`, `shippingPincode`, `billingAddress`, `billingState`, `billingCity`, `billingPincode`, `regDate`, `updationDate`) VALUES
(1, 'Anuj Kumar', 'anuj.lpu1@gmail.com', 9009857868, 'f925916e2754e5e03f75dd58a5733251', 'CS New Delhi', 'New Delhi', 'Delhi', 110001, 'New Delhi', 'New Delhi', 'Delhi', 110092, '2017-02-04 19:30:50', ''),
(2, 'Amit ', 'amit@gmail.com', 8285703355, '5c428d8875d2948607f3e3fe134d71b4', '', '', '', 0, '', '', '', 0, '2017-03-15 17:21:22', ''),
(3, 'Soumya', 'soumya@gmail.com', 8159824282, 'd7812b94b1962436cd28c7b5004e059e', 'DSCLJKSVKL', 'SASCaC', 'SAC', 728971, '', '', '', 0, '2025-04-20 10:09:01', '');

-- --------------------------------------------------------

--
-- Table structure for table `wishlist`
--

CREATE TABLE `wishlist` (
  `id` int(11) NOT NULL,
  `userId` int(11) NOT NULL,
  `productId` int(11) NOT NULL,
  `postingDate` timestamp NOT NULL DEFAULT current_timestamp()
) ENGINE=InnoDB DEFAULT CHARSET=latin1 COLLATE=latin1_swedish_ci;

--
-- Dumping data for table `wishlist`
--

INSERT INTO `wishlist` (`id`, `userId`, `productId`, `postingDate`) VALUES
(1, 1, 0, '2017-02-27 18:53:17');

--
-- Indexes for dumped tables
--

--
-- Indexes for table `admin`
--
ALTER TABLE `admin`
  ADD PRIMARY KEY (`id`);

--
-- Indexes for table `category`
--
ALTER TABLE `category`
  ADD PRIMARY KEY (`id`);

--
-- Indexes for table `contactus`
--
ALTER TABLE `contactus`
  ADD PRIMARY KEY (`id`);

--
-- Indexes for table `orders`
--
ALTER TABLE `orders`
  ADD PRIMARY KEY (`id`);

--
-- Indexes for table `ordertrackhistory`
--
ALTER TABLE `ordertrackhistory`
  ADD PRIMARY KEY (`id`);

--
-- Indexes for table `productreviews`
--
ALTER TABLE `productreviews`
  ADD PRIMARY KEY (`id`);

--
-- Indexes for table `products`
--
ALTER TABLE `products`
  ADD PRIMARY KEY (`id`);

--
-- Indexes for table `subcategory`
--
ALTER TABLE `subcategory`
  ADD PRIMARY KEY (`id`);

--
-- Indexes for table `userlog`
--
ALTER TABLE `userlog`
  ADD PRIMARY KEY (`id`);

--
-- Indexes for table `users`
--
ALTER TABLE `users`
  ADD PRIMARY KEY (`id`);

--
-- Indexes for table `wishlist`
--
ALTER TABLE `wishlist`
  ADD PRIMARY KEY (`id`);

--
-- AUTO_INCREMENT for dumped tables
--

--
-- AUTO_INCREMENT for table `admin`
--
ALTER TABLE `admin`
  MODIFY `id` int(11) NOT NULL AUTO_INCREMENT, AUTO_INCREMENT=2;

--
-- AUTO_INCREMENT for table `category`
--
ALTER TABLE `category`
  MODIFY `id` int(11) NOT NULL AUTO_INCREMENT, AUTO_INCREMENT=14;

--
-- AUTO_INCREMENT for table `contactus`
--
ALTER TABLE `contactus`
  MODIFY `id` int(11) NOT NULL AUTO_INCREMENT, AUTO_INCREMENT=5;

--
-- AUTO_INCREMENT for table `orders`
--
ALTER TABLE `orders`
  MODIFY `id` int(11) NOT NULL AUTO_INCREMENT, AUTO_INCREMENT=9;

--
-- AUTO_INCREMENT for table `ordertrackhistory`
--
ALTER TABLE `ordertrackhistory`
  MODIFY `id` int(11) NOT NULL AUTO_INCREMENT, AUTO_INCREMENT=7;

--
-- AUTO_INCREMENT for table `productreviews`
--
ALTER TABLE `productreviews`
  MODIFY `id` int(11) NOT NULL AUTO_INCREMENT, AUTO_INCREMENT=5;

--
-- AUTO_INCREMENT for table `products`
--
ALTER TABLE `products`
  MODIFY `id` int(11) NOT NULL AUTO_INCREMENT, AUTO_INCREMENT=27;

--
-- AUTO_INCREMENT for table `subcategory`
--
ALTER TABLE `subcategory`
  MODIFY `id` int(11) NOT NULL AUTO_INCREMENT, AUTO_INCREMENT=39;

--
-- AUTO_INCREMENT for table `userlog`
--
ALTER TABLE `userlog`
  MODIFY `id` int(11) NOT NULL AUTO_INCREMENT, AUTO_INCREMENT=26;

--
-- AUTO_INCREMENT for table `users`
--
ALTER TABLE `users`
  MODIFY `id` int(11) NOT NULL AUTO_INCREMENT, AUTO_INCREMENT=4;

--
-- AUTO_INCREMENT for table `wishlist`
--
ALTER TABLE `wishlist`
  MODIFY `id` int(11) NOT NULL AUTO_INCREMENT, AUTO_INCREMENT=2;
COMMIT;

/*!40101 SET CHARACTER_SET_CLIENT=@OLD_CHARACTER_SET_CLIENT */;
/*!40101 SET CHARACTER_SET_RESULTS=@OLD_CHARACTER_SET_RESULTS */;
/*!40101 SET COLLATION_CONNECTION=@OLD_COLLATION_CONNECTION */;
